# Auto-generated redirects from Jekyll to Astro
# Old format: /:categories/:title/ -> /posts/:slug/

# Static pages
/categories /categories/ 301
/tags /tags/ 301
/about /about/ 301
/feed.xml /rss.xml 301
/posts-ideas /about 301

# Calico visualizer
/calico-visualiser /calico-visualiser/index.html 301
/blog/adding-blog-to-search /posts/adding-blog-to-search/ 301
/blog/aws-calico-implementing-on-existing-cluster /posts/aws-calico-implementing-on-existing-cluster/ 301
/blog/becoming-packt-technical-reviewer /posts/becoming-packt-technical-reviewer/ 301
/blog/book-harry-potter-and-the-methods-of-rationality /posts/book-harry-potter-and-the-methods-of-rationality/ 301
/blog/book-the-complete-software-developers-career-guide /posts/book-the-complete-software-developers-career-guide/ 301
/blog/calico-policy-visualiser /posts/calico-policy-visualiser/ 301
/blog/certified-kubernetes-security-beta /posts/certified-kubernetes-security-beta/ 301
/blog/cka-preparation /posts/cka-preparation/ 301
/blog/ckad-configuration /posts/ckad-configuration/ 301
/blog/ckad-core-concepts /posts/ckad-core-concepts/ 301
/blog/ckad-multi-container-pods /posts/ckad-multi-container-pods/ 301
/blog/ckad-observability /posts/ckad-observability/ 301
/blog/ckad-pod-design /posts/ckad-pod-design/ 301
/blog/ckad-state-persistence /posts/ckad-state-persistence/ 301
/blog/cks-abusing-serviceaccount-to-grant-privileges /posts/cks-abusing-serviceaccount-to-grant-privileges/ 301
/blog/cks-gvisor /posts/cks-gvisor/ 301
/blog/cks-rbac-apigroups /posts/cks-rbac-apigroups/ 301
/blog/comparing-mongodb-operators /posts/comparing-mongodb-operators/ 301
/blog/fedora32-and-github-pages /posts/fedora32-and-github-pages/ 301
/blog/fzf-on-fedora /posts/fzf-on-fedora/ 301
/blog/git-fzf-wrappers-for-fish /posts/git-fzf-wrappers-for-fish/ 301
/blog/github-actions-cancelled-terraform-jobs /posts/github-actions-cancelled-terraform-jobs/ 301
/blog/github-actions-matrix-secrets /posts/github-actions-matrix-secrets/ 301
/blog/gitops-at-scale /posts/gitops-at-scale/ 301
/blog/gitops-certified-for-argo /posts/gitops-certified-for-argo/ 301
/blog/initial-post /posts/initial-post/ 301
/blog/kubectl-plugin-manager /posts/kubectl-plugin-manager/ 301
/blog/kubernetes-mounting-config-map-as-single-file /posts/kubernetes-mounting-config-map-as-single-file/ 301
/blog/kubernetes-rewrites /posts/kubernetes-rewrites/ 301
/blog/kubernetes-troubleshooting-autoscaler /posts/kubernetes-troubleshooting-autoscaler/ 301
/blog/linkedin-location /posts/linkedin-location/ 301
/blog/monitoring-calico-kube-stack-prometheus /posts/monitoring-calico-kube-stack-prometheus/ 301
/blog/monitoring-github-rate-limits /posts/monitoring-github-rate-limits/ 301
/blog/neovim-enhancing-completion-with-tabnine /posts/neovim-enhancing-completion-with-tabnine/ 301
/blog/neovim-improving-work-with-terraform /posts/neovim-improving-work-with-terraform/ 301
/blog/neovim-my-favourite-keymapping /posts/neovim-my-favourite-keymapping/ 301
/blog/neovim-numbered-lists /posts/neovim-numbered-lists/ 301
/blog/neovim-opening-github-repos /posts/neovim-opening-github-repos/ 301
/blog/neovim-opening-urls /posts/neovim-opening-urls/ 301
/blog/neovim-setting-up-luasnip /posts/neovim-setting-up-luasnip/ 301
/blog/neovim-setting-up-nixd /posts/neovim-setting-up-nixd/ 301
/blog/neovim-signing-git-commits /posts/neovim-signing-git-commits/ 301
/blog/neovim-snacks-tea /posts/neovim-snacks-tea/ 301
/blog/neovim-telescope-github /posts/neovim-telescope-github/ 301
/blog/neovim-train-motions /posts/neovim-train-motions/ 301
/blog/neovim-validating-gitlab-ci /posts/neovim-validating-gitlab-ci/ 301
/blog/neovim-writing-lua-plugins /posts/neovim-writing-lua-plugins/ 301
/blog/nix-colemak-dh /posts/nix-colemak-dh/ 301
/blog/nix-fingerprint-authentication /posts/nix-fingerprint-authentication/ 301
/blog/obsidian-sync-between-devices-using-nextcloud /posts/obsidian-sync-between-devices-using-nextcloud/ 301
/blog/participating-in-do-k8s-challenge /posts/participating-in-do-k8s-challenge/ 301
/blog/passed-certified-kubernetes-security-exam /posts/passed-certified-kubernetes-security-exam/ 301
/blog/passed-few-free-kubernetes-certifications /posts/passed-few-free-kubernetes-certifications/ 301
/blog/passed-redhat-pe180-exam /posts/passed-redhat-pe180-exam/ 301
/blog/rancher-certified-operator /posts/rancher-certified-operator/ 301
/blog/renovate-update-nix-flake /posts/renovate-update-nix-flake/ 301
/blog/repackaging-linux-mac-kontur-talk-with-nix /posts/repackaging-linux-mac-kontur-talk-with-nix/ 301
/blog/restarting-github-action-from-cli /posts/restarting-github-action-from-cli/ 301
/blog/running-rootless-forgejo-runners-kubernetes-ubuntu /posts/running-rootless-forgejo-runners-kubernetes-ubuntu/ 301
/blog/running-testcontainers-in-kubernetes /posts/running-testcontainers-in-kubernetes/ 301
/blog/service-networking /posts/service-networking/ 301
/blog/switch-to-colemak /posts/switch-to-colemak/ 301
/blog/switch-to-fish-shell /posts/switch-to-fish-shell/ 301
/blog/terraform-azure-cosmosdb /posts/terraform-azure-cosmosdb/ 301
/blog/terraform-azurerm-compute-custom-data /posts/terraform-azurerm-compute-custom-data/ 301
/blog/terraform-vs-github-actions /posts/terraform-vs-github-actions/ 301
/blog/testing-infrastructure-as-a-code /posts/testing-infrastructure-as-a-code/ 301
/TIL/til-adding-maps-to-github-markdown /posts/til-adding-maps-to-github-markdown/ 301
/TIL/til-adding-video-to-github-markdown /posts/til-adding-video-to-github-markdown/ 301
/blog/til-building-docker-images-in-acr /posts/til-building-docker-images-in-acr/ 301
/blog/til-commenting-current-line-in-shell /posts/til-commenting-current-line-in-shell/ 301
/TIL/til-conventional-commits /posts/til-conventional-commits/ 301
/blog/til-firefox-clear-recent-history /posts/til-firefox-clear-recent-history/ 301
/blog/til-helm-chart-testing-custom-values /posts/til-helm-chart-testing-custom-values/ 301
/blog/til-helm-respect-current-replicas /posts/til-helm-respect-current-replicas/ 301
/blog/til-keda-datadog-dont-work-together /posts/til-keda-datadog-dont-work-together/ 301
/blog/til-kubectl-integrated-kustomize /posts/til-kubectl-integrated-kustomize/ 301
/blog/til-kubernetes-slow-pv-mount /posts/til-kubernetes-slow-pv-mount/ 301
/blog/til-learning-github-script /posts/til-learning-github-script/ 301
/blog/til-makefiles-advanced /posts/til-makefiles-advanced/ 301
/blog/til-neovim-autoformatting-markdown /posts/til-neovim-autoformatting-markdown/ 301
/blog/til-neovim-highlight-references /posts/til-neovim-highlight-references/ 301
/blog/til-neovim-highlight-yanked-text /posts/til-neovim-highlight-yanked-text/ 301
/blog/til-neovim-lsp-tagstack /posts/til-neovim-lsp-tagstack/ 301
/blog/til-pasting-into-teams /posts/til-pasting-into-teams/ 301
/blog/til-retrieving-jenkins-secrets /posts/til-retrieving-jenkins-secrets/ 301
/blog/til-terraform-refactor-without-recreation /posts/til-terraform-refactor-without-recreation/ 301
/blog/til-validating-jenkins-pipelines /posts/til-validating-jenkins-pipelines/ 301
/blog/til-webrtc-landing-page /posts/til-webrtc-landing-page/ 301
/blog/til-xip-io /posts/til-xip-io/ 301
/blog/truenas-install-fish /posts/truenas-install-fish/ 301
/blog/truenas-installing-kubectl /posts/truenas-installing-kubectl/ 301
/blog/truenas-ups-huawei2000 /posts/truenas-ups-huawei2000/ 301
/blog/truenas-ups-reporting /posts/truenas-ups-reporting/ 301
/blog/two-years-to-blog /posts/two-years-to-blog/ 301
/blog/understanding-zfs-zed-failures-nixos /posts/understanding-zfs-zed-failures-nixos/ 301
/blog/using-argocd-with-azure-acr /posts/using-argocd-with-azure-acr/ 301
/blog/using-fzf-with-kubectl /posts/using-fzf-with-kubectl/ 301
/blog/wsl2-vm-tls-handshake-failed /posts/wsl2-vm-tls-handshake-failed/ 301
